date,symbol,margin_balance,short_balance,day_trade_volume,total_volume
2026-07-13,00400A,12353.0,,,30673942.0
2026-07-13,00401A,1101.0,,,1868549.0
2026-07-13,00402A,3451.0,,,7996878.0
2026-07-13,00403A,107084.0,,,152276689.0
2026-07-13,00404A,2358.0,,,8828978.0
2026-07-13,00405A,23114.0,,,66962173.0
2026-07-13,00406A,5734.0,,,12653595.0
2026-07-13,00407A,42809.0,,,78886375.0
2026-07-13,0050,13306.0,,,71523037.0
2026-07-13,0051,3.0,,,76807.0
2026-07-13,0052,10931.0,,,24847266.0
2026-07-13,0053,12.0,,,49899.0
2026-07-13,0055,193.0,,,313332.0
2026-07-13,0056,7865.0,,,49611568.0
2026-07-13,0061,15.0,,,166002.0
2026-07-13,006205,50.0,,,787683.0
2026-07-13,006206,8.0,,,43766.0
2026-07-13,006207,2.0,,,323072.0
2026-07-13,006208,317.0,,,4179797.0
2026-07-13,00631L,228043.0,,,204239992.0
2026-07-13,00632R,290031.0,,,112541492.0
2026-07-13,00633L,7510.0,,,4244775.0
2026-07-13,00634R,2120.0,,,2697098.0
2026-07-13,00635U,6983.0,,,2278079.0
2026-07-13,00636,122.0,,,456507.0
2026-07-13,00637L,84241.0,,,25099182.0
2026-07-13,00638R,719.0,,,658700.0
2026-07-13,00639,529.0,,,1041513.0
2026-07-13,00640L,217.0,,,284068.0
2026-07-13,00641R,10501.0,,,1286226.0
2026-07-13,00642U,3137.0,,,4773260.0
2026-07-13,00643,886.0,,,4445764.0
2026-07-13,00645,20.0,,,433422.0
2026-07-13,00646,65.0,,,4106782.0
2026-07-13,00647L,43.0,,,59357.0
2026-07-13,00648R,10969.0,,,880200.0
2026-07-13,00650L,16672.0,,,7722180.0
2026-07-13,00651R,1475.0,,,322099.0
2026-07-13,00652,55.0,,,264622.0
2026-07-13,00653L,2332.0,,,181702.0
2026-07-13,00654R,547.0,,,175001.0
2026-07-13,00655L,2072.0,,,1949601.0
2026-07-13,00656R,153.0,,,9000.0
2026-07-13,00661,13.0,,,611585.0
2026-07-13,00662,1126.0,,,5579153.0
2026-07-13,00663L,9253.0,,,9182002.0
2026-07-13,00664R,90396.0,,,19629338.0
2026-07-13,00665L,75212.0,,,28836408.0
2026-07-13,00666R,371.0,,,155370.0
2026-07-13,00669R,14460.0,,,225213.0
2026-07-13,00670L,1135.0,,,699025.0
2026-07-13,00671R,126596.0,,,3353430.0
2026-07-13,00673R,43277.0,,,8760622.0
2026-07-13,00674R,341.0,,,108699.0
2026-07-13,00675L,2905.0,,,1845612.0
2026-07-13,00676R,18900.0,,,8150458.0
2026-07-13,00678,30.0,,,407377.0
2026-07-13,00680L,66948.0,,,7570259.0
2026-07-13,00681R,7.0,,,52102.0
2026-07-13,00682U,12.0,,,
2026-07-13,00683L,105.0,,,227850.0
2026-07-13,00684R,21.0,,,
2026-07-13,00685L,130908.0,,,272585448.0
2026-07-13,00686R,15106.0,,,9197449.0
2026-07-13,00688L,25123.0,,,2068577.0
2026-07-13,00690,95.0,,,598423.0
2026-07-13,00692,79.0,,,736637.0
2026-07-13,00693U,2475.0,,,439068.0
2026-07-13,00700,185.0,,,465262.0
2026-07-13,00701,29.0,,,892499.0
2026-07-13,00702,1.0,,,23863.0
2026-07-13,00703,1.0,,,44378.0
2026-07-13,00706L,7550.0,,,594529.0
2026-07-13,00708L,11071.0,,,3185032.0
2026-07-13,00709,3.0,,,65319.0
2026-07-13,00710B,10.0,,,152331.0
2026-07-13,00711B,3.0,,,108403.0
2026-07-13,00712,15048.0,,,22524362.0
2026-07-13,00713,247.0,,,6879272.0
2026-07-13,00714,2.0,,,130797.0
2026-07-13,00715L,13160.0,,,11395176.0
2026-07-13,00728,2.0,,,204914.0
2026-07-13,00730,13.0,,,209062.0
2026-07-13,00731,3.0,,,531525.0
2026-07-13,00733,72.0,,,1154571.0
2026-07-13,00735,4021.0,,,4048191.0
2026-07-13,00737,58.0,,,170840.0
2026-07-13,00738U,13398.0,,,2109506.0
2026-07-13,00752,861.0,,,2331979.0
2026-07-13,00753L,90238.0,,,10947641.0
2026-07-13,00757,476.0,,,2755673.0
2026-07-13,00762,55.0,,,213759.0
2026-07-13,00763U,1514.0,,,677103.0
2026-07-13,00770,59.0,,,247443.0
2026-07-13,00771,1.0,,,6000.0
2026-07-13,00783,383.0,,,258898.0
2026-07-13,00830,5218.0,,,9515593.0
2026-07-13,00850,16.0,,,699233.0
2026-07-13,00851,2.0,,,5910.0
2026-07-13,00852L,39.0,,,9368.0
2026-07-13,00861,25.0,,,501971.0
2026-07-13,00875,1.0,,,423558.0
2026-07-13,00876,14.0,,,624047.0
2026-07-13,00878,2402.0,,,29799822.0
2026-07-13,00881,1369.0,,,6808593.0
2026-07-13,00882,3614.0,,,9698041.0
2026-07-13,00885,492.0,,,2846728.0
2026-07-13,00891,4164.0,,,10935004.0
2026-07-13,00892,1368.0,,,12526401.0
2026-07-13,00893,68.0,,,843875.0
2026-07-13,00894,587.0,,,624316.0
2026-07-13,00895,69.0,,,680088.0
2026-07-13,00896,1568.0,,,2315500.0
2026-07-13,00897,660.0,,,1707641.0
2026-07-13,00898,510.0,,,833535.0
2026-07-13,00899,63.0,,,132755.0
2026-07-13,00900,306.0,,,5021822.0
2026-07-13,00901,2.0,,,488650.0
2026-07-13,00902,2494.0,,,2151251.0
2026-07-13,00903,20.0,,,802593.0
2026-07-13,00904,685.0,,,1868166.0
2026-07-13,00905,349.0,,,3642216.0
2026-07-13,00907,199.0,,,1108298.0
2026-07-13,00909,1066.0,,,525838.0
2026-07-13,00910,3180.0,,,2165532.0
2026-07-13,00911,155.0,,,1338501.0
2026-07-13,00912,42.0,,,603746.0
2026-07-13,00913,1029.0,,,1596330.0
2026-07-13,00915,27.0,,,1948570.0
2026-07-13,00916,797.0,,,1496824.0
2026-07-13,00917,86.0,,,798490.0
2026-07-13,00918,5255.0,,,18330594.0
2026-07-13,00919,7899.0,,,78688076.0
2026-07-13,00920,27.0,,,489687.0
2026-07-13,00921,2.0,,,194880.0
2026-07-13,00922,1454.0,,,5964390.0
2026-07-13,00923,187.0,,,2827748.0
2026-07-13,00924,113.0,,,1778230.0
2026-07-13,00926,27.0,,,811862.0
2026-07-13,00927,13348.0,,,74861048.0
2026-07-13,00929,4375.0,,,29672160.0
2026-07-13,00930,21.0,,,890359.0
2026-07-13,00932,2.0,,,341486.0
2026-07-13,00934,595.0,,,3451737.0
2026-07-13,00935,5755.0,,,8120212.0
2026-07-13,00936,14.0,,,821947.0
2026-07-13,00938,6.0,,,748867.0
2026-07-13,00939,149.0,,,1793704.0
2026-07-13,00940,1335.0,,,12002648.0
2026-07-13,00941,285.0,,,1140944.0
2026-07-13,00943,27.0,,,67886.0
2026-07-13,00944,9.0,,,627148.0
2026-07-13,00945B,306.0,,,3733934.0
2026-07-13,00946,579.0,,,5746717.0
2026-07-13,00947,7640.0,,,8112772.0
2026-07-13,00949,76.0,,,865050.0
2026-07-13,00951,1333.0,,,4458054.0
2026-07-13,00952,452.0,,,1323975.0
2026-07-13,00953B,126372.0,,,21753686.0
2026-07-13,00954,1420.0,,,2587947.0
2026-07-13,00956,81.0,,,271822.0
2026-07-13,00960,122.0,,,438856.0
2026-07-13,00961,2013.0,,,17829336.0
2026-07-13,00962,92.0,,,378668.0
2026-07-13,00963,16.0,,,1118258.0
2026-07-13,00964,34.0,,,2007447.0
2026-07-13,00965,1718.0,,,799629.0
2026-07-13,00971,14.0,,,697154.0
2026-07-13,00972,3.0,,,227292.0
2026-07-13,009800,1549.0,,,949469.0
2026-07-13,009801,29.0,,,351844.0
2026-07-13,009802,1902.0,,,2089751.0
2026-07-13,009803,377.0,,,3157998.0
2026-07-13,009804,520.0,,,6923318.0
2026-07-13,009805,16040.0,,,6383206.0
2026-07-13,009808,41.0,,,341850.0
2026-07-13,009809,5.0,,,179936.0
2026-07-13,00980A,2919.0,,,5775006.0
2026-07-13,009810,2.0,,,60537.0
2026-07-13,009811,46.0,,,1756791.0
2026-07-13,009812,2.0,,,349495.0
2026-07-13,009813,76.0,,,3134487.0
2026-07-13,009816,31891.0,,,120443278.0
2026-07-13,009817,111.0,,,562750.0
2026-07-13,009818,14.0,,,533318.0
2026-07-13,009819,5628.0,,,6678927.0
2026-07-13,00981A,144350.0,,,173993842.0
2026-07-13,00981T,29.0,,,3257411.0
2026-07-13,009820,3482.0,,,15335791.0
2026-07-13,009821,12268.0,,,9418203.0
2026-07-13,009824,3664.0,,,26450031.0
2026-07-13,00982A,9359.0,,,16746914.0
2026-07-13,00982D,122.0,,,3409053.0
2026-07-13,00983A,453.0,,,1659006.0
2026-07-13,00983D,73.0,,,1685553.0
2026-07-13,00984A,1531.0,,,20324545.0
2026-07-13,00984D,5910.0,,,17022399.0
2026-07-13,00985A,1515.0,,,3375305.0
2026-07-13,00985B,250.0,,,6249221.0
2026-07-13,00986A,69.0,,,584334.0
2026-07-13,00987A,2203.0,,,1978249.0
2026-07-13,00988A,78815.0,,,81972023.0
2026-07-13,00989A,171.0,,,847655.0
2026-07-13,00990A,21815.0,,,28382445.0
2026-07-13,00991A,117302.0,,,132819872.0
2026-07-13,00992A,26211.0,,,28709924.0
2026-07-13,00993A,1702.0,,,4500720.0
2026-07-13,00994A,2673.0,,,3845649.0
2026-07-13,00995A,1755.0,,,2744154.0
2026-07-13,00996A,3581.0,,,8107842.0
2026-07-13,00997A,15407.0,,,15534384.0
2026-07-13,00999A,3160.0,,,9395366.0
2026-07-13,1101,36828.0,,,26175062.0
2026-07-13,1102,1062.0,,,20417794.0
2026-07-13,1103,4187.0,,,512183.0
2026-07-13,1104,1552.0,,,612238.0
2026-07-13,1108,341.0,,,643070.0
2026-07-13,1109,283.0,,,741565.0
2026-07-13,1110,2891.0,,,179152.0
2026-07-13,1201,1659.0,,,273602.0
2026-07-13,1203,1.0,,,20172.0
2026-07-13,1210,681.0,,,2824026.0
2026-07-13,1215,359.0,,,1577613.0
2026-07-13,1216,597.0,,,20557092.0
2026-07-13,1217,844.0,,,576520.0
2026-07-13,1218,1519.0,,,5767874.0
2026-07-13,1219,604.0,,,2682441.0
2026-07-13,1220,948.0,,,289687.0
2026-07-13,1225,6944.0,,,478163.0
2026-07-13,1227,883.0,,,1431818.0
2026-07-13,1229,2970.0,,,2566612.0
2026-07-13,1231,265.0,,,343812.0
2026-07-13,1232,25.0,,,787260.0
2026-07-13,1233,19.0,,,22337.0
2026-07-13,1234,15.0,,,290600.0
2026-07-13,1235,1185.0,,,71002.0
2026-07-13,1236,208.0,,,179861.0
2026-07-13,1256,359.0,,,141668.0
2026-07-13,1301,24792.0,,,52147050.0
2026-07-13,1303,36994.0,,,88890080.0
2026-07-13,1304,12981.0,,,7561377.0
2026-07-13,1305,7649.0,,,2883111.0
2026-07-13,1307,1333.0,,,959637.0
2026-07-13,1308,7704.0,,,2492105.0
2026-07-13,1309,8382.0,,,3816114.0
2026-07-13,1310,14813.0,,,5550773.0
2026-07-13,1312,21522.0,,,11351685.0
2026-07-13,1313,11167.0,,,6172380.0
2026-07-13,1314,77610.0,,,73051277.0
2026-07-13,1315,27.0,,,17847.0
2026-07-13,1316,10899.0,,,1237872.0
2026-07-13,1319,6882.0,,,2619629.0
2026-07-13,1321,7283.0,,,173463.0
2026-07-13,1323,84.0,,,97368.0
2026-07-13,1324,1378.0,,,56929.0
2026-07-13,1325,2023.0,,,133830.0
2026-07-13,1326,30604.0,,,96160170.0
2026-07-13,1337,21372.0,,,829234.0
2026-07-13,1338,3848.0,,,180965.0
2026-07-13,1339,862.0,,,150418.0
2026-07-13,1340,1006.0,,,220929.0
2026-07-13,1342,619.0,,,501909.0
2026-07-13,1402,8697.0,,,44969324.0
2026-07-13,1409,26261.0,,,36500839.0
2026-07-13,1410,322.0,,,158403.0
2026-07-13,1414,1201.0,,,171339.0
2026-07-13,1416,3360.0,,,243756.0
2026-07-13,1417,1788.0,,,210061.0
2026-07-13,1418,761.0,,,21958.0
2026-07-13,1419,1249.0,,,97930.0
2026-07-13,1423,98.0,,,84193.0
2026-07-13,1432,142.0,,,115286.0
2026-07-13,1434,6107.0,,,7199441.0
2026-07-13,1436,993.0,,,463987.0
2026-07-13,1437,2005.0,,,358030.0
2026-07-13,1438,183.0,,,32283.0
2026-07-13,1439,1049.0,,,47264.0
2026-07-13,1440,5510.0,,,2005284.0
2026-07-13,1442,2958.0,,,314044.0
2026-07-13,1443,31.0,,,9988.0
2026-07-13,1444,573.0,,,4228751.0
2026-07-13,1445,1399.0,,,57582.0
2026-07-13,1446,1618.0,,,570802.0
2026-07-13,1447,986.0,,,2883862.0
2026-07-13,1449,3176.0,,,944029.0
2026-07-13,1451,639.0,,,180374.0
2026-07-13,1452,105.0,,,90186.0
2026-07-13,1453,1067.0,,,35287.0
2026-07-13,1454,2177.0,,,24050.0
2026-07-13,1455,3726.0,,,1705603.0
2026-07-13,1456,818.0,,,106538.0
2026-07-13,1457,722.0,,,84137.0
2026-07-13,1459,485.0,,,107970.0
2026-07-13,1463,488.0,,,76515.0
2026-07-13,1464,2000.0,,,385240.0
2026-07-13,1465,3324.0,,,124779.0
2026-07-13,1466,3096.0,,,1786056.0
2026-07-13,1467,6299.0,,,481102.0
2026-07-13,1470,6.0,,,7000.0
2026-07-13,1472,3901.0,,,41323.0
2026-07-13,1473,853.0,,,53740.0
2026-07-13,1474,3371.0,,,83376.0
2026-07-13,1475,448.0,,,18498.0
2026-07-13,1476,926.0,,,1825714.0
2026-07-13,1477,1713.0,,,2768589.0
2026-07-13,1503,3430.0,,,1692495.0
2026-07-13,1504,32697.0,,,10238906.0
2026-07-13,1513,8545.0,,,2378452.0
2026-07-13,1514,6697.0,,,2748300.0
2026-07-13,1515,3366.0,,,1586405.0
2026-07-13,1516,2.0,,,10387.0
2026-07-13,1517,1684.0,,,437885.0
2026-07-13,1519,3897.0,,,1414238.0
2026-07-13,1521,440.0,,,27363.0
2026-07-13,1522,4435.0,,,559774.0
2026-07-13,1524,4624.0,,,488128.0
2026-07-13,1525,235.0,,,16143.0
2026-07-13,1526,582.0,,,122063.0
2026-07-13,1527,600.0,,,369426.0
2026-07-13,1528,7495.0,,,1476525.0
2026-07-13,1529,2959.0,,,517963.0
2026-07-13,1530,297.0,,,37900.0
2026-07-13,1531,1742.0,,,217234.0
2026-07-13,1532,2758.0,,,409261.0
2026-07-13,1533,570.0,,,374779.0
2026-07-13,1535,65.0,,,64622.0
2026-07-13,1536,9499.0,,,13299989.0
2026-07-13,1537,59.0,,,53076.0
2026-07-13,1539,1315.0,,,91753.0
2026-07-13,1540,1723.0,,,376821.0
2026-07-13,1541,117.0,,,42000.0
2026-07-13,1558,257.0,,,45501.0
2026-07-13,1560,1528.0,,,721561.0
2026-07-13,1563,6893.0,,,2252054.0
2026-07-13,1568,5171.0,,,838686.0
2026-07-13,1582,4794.0,,,838318.0
2026-07-13,1583,84.0,,,22100.0
2026-07-13,1587,2042.0,,,258761.0
2026-07-13,1589,802.0,,,
2026-07-13,1590,134.0,,,523251.0
2026-07-13,1597,3962.0,,,954036.0
2026-07-13,1598,2158.0,,,88543.0
2026-07-13,1603,2105.0,,,1524339.0
2026-07-13,1604,267.0,,,420740.0
2026-07-13,1605,58242.0,,,18944578.0
2026-07-13,1608,8163.0,,,2520380.0
2026-07-13,1609,13999.0,,,9296519.0
2026-07-13,1611,3324.0,,,656685.0
2026-07-13,1612,1884.0,,,1714630.0
2026-07-13,1614,358.0,,,50069.0
2026-07-13,1615,185.0,,,493533.0
2026-07-13,1616,3247.0,,,454272.0
2026-07-13,1617,2755.0,,,1366937.0
2026-07-13,1618,3836.0,,,999997.0
2026-07-13,1626,1682.0,,,78462.0
2026-07-13,1702,319.0,,,257312.0
2026-07-13,1707,348.0,,,358047.0
2026-07-13,1708,7641.0,,,7994221.0
2026-07-13,1709,7089.0,,,18769827.0
2026-07-13,1710,8776.0,,,7172491.0
2026-07-13,1711,21114.0,,,6116017.0
2026-07-13,1712,461.0,,,539094.0
2026-07-13,1713,2949.0,,,173103.0
2026-07-13,1714,19356.0,,,38965011.0
2026-07-13,1717,22821.0,,,13039765.0
2026-07-13,1718,19426.0,,,10254279.0
2026-07-13,1720,335.0,,,547937.0
2026-07-13,1721,127.0,,,1226735.0
2026-07-13,1722,2831.0,,,2346795.0
2026-07-13,1723,739.0,,,1309208.0
2026-07-13,1725,313.0,,,240465.0
2026-07-13,1726,29.0,,,24541.0
2026-07-13,1727,9073.0,,,3682369.0
2026-07-13,1730,17.0,,,92501.0
2026-07-13,1731,315.0,,,121220.0
2026-07-13,1732,598.0,,,536709.0
2026-07-13,1733,2592.0,,,277737.0
2026-07-13,1734,554.0,,,326119.0
2026-07-13,1735,809.0,,,202919.0
2026-07-13,1736,1976.0,,,343071.0
2026-07-13,1737,22.0,,,110456.0
2026-07-13,1752,332.0,,,71170.0
2026-07-13,1760,1094.0,,,243057.0
2026-07-13,1762,695.0,,,302499.0
2026-07-13,1773,1288.0,,,683751.0
2026-07-13,1776,849.0,,,147333.0
2026-07-13,1783,609.0,,,77067.0
2026-07-13,1786,5112.0,,,319256.0
2026-07-13,1789,3566.0,,,886547.0
2026-07-13,1795,8934.0,,,2792616.0
2026-07-13,1802,52280.0,,,52793973.0
2026-07-13,1805,1408.0,,,123921.0
2026-07-13,1806,3093.0,,,240000.0
2026-07-13,1808,5864.0,,,804207.0
2026-07-13,1809,7594.0,,,2269425.0
2026-07-13,1810,21884.0,,,25738963.0
2026-07-13,1817,17.0,,,39721.0
2026-07-13,1903,2625.0,,,126207.0
2026-07-13,1904,4909.0,,,3584438.0
2026-07-13,1905,11027.0,,,4772142.0
2026-07-13,1906,7332.0,,,114572.0
2026-07-13,1907,24314.0,,,1363334.0
2026-07-13,1909,8658.0,,,4285957.0
2026-07-13,2002,47291.0,,,43032855.0
2026-07-13,2006,1133.0,,,2583556.0
2026-07-13,2007,5.0,,,304261.0
2026-07-13,2008,129.0,,,25809.0
2026-07-13,2009,6895.0,,,766231.0
2026-07-13,2010,2162.0,,,944224.0
2026-07-13,2012,193.0,,,62458.0
2026-07-13,2013,1438.0,,,133999.0
2026-07-13,2014,1850.0,,,3522923.0
2026-07-13,2015,39.0,,,567232.0
2026-07-13,2017,8359.0,,,593544.0
2026-07-13,2020,819.0,,,206510.0
2026-07-13,2022,1018.0,,,966909.0
2026-07-13,2023,2657.0,,,2976880.0
2026-07-13,2024,67.0,,,9634.0
2026-07-13,2027,29808.0,,,20528143.0
2026-07-13,2028,1205.0,,,153463.0
2026-07-13,2029,427.0,,,446654.0
2026-07-13,2030,4160.0,,,924925.0
2026-07-13,2031,1053.0,,,1477109.0
2026-07-13,2032,2643.0,,,247824.0
2026-07-13,2033,2745.0,,,119130.0
2026-07-13,2034,4160.0,,,1048299.0
2026-07-13,2038,4044.0,,,305754.0
2026-07-13,2049,3713.0,,,2540069.0
2026-07-13,2059,471.0,,,592920.0
2026-07-13,2062,1404.0,,,228595.0
2026-07-13,2069,581.0,,,411465.0
2026-07-13,2101,23174.0,,,2313785.0
2026-07-13,2102,3892.0,,,144667.0
2026-07-13,2103,15843.0,,,2983938.0
2026-07-13,2104,20720.0,,,3184712.0
2026-07-13,2105,9347.0,,,10115158.0
2026-07-13,2106,2989.0,,,622711.0
2026-07-13,2107,104.0,,,381520.0
2026-07-13,2108,2893.0,,,753688.0
2026-07-13,2109,668.0,,,183259.0
2026-07-13,2114,10.0,,,54492.0
2026-07-13,2115,548.0,,,172506.0
2026-07-13,2201,10287.0,,,2253988.0
2026-07-13,2204,1115.0,,,592863.0
2026-07-13,2206,4606.0,,,983078.0
2026-07-13,2207,85.0,,,271051.0
2026-07-13,2211,413.0,,,495150.0
2026-07-13,2228,1782.0,,,104794.0
2026-07-13,2231,3082.0,,,1389501.0
2026-07-13,2233,6019.0,,,672060.0
2026-07-13,2236,11395.0,,,737545.0
2026-07-13,2239,1520.0,,,54191.0
2026-07-13,2241,8322.0,,,1640436.0
2026-07-13,2243,1305.0,,,1440069.0
2026-07-13,2247,137.0,,,55713.0
2026-07-13,2248,325.0,,,52063.0
2026-07-13,2250,1322.0,,,180425.0
2026-07-13,2254,2518.0,,,
2026-07-13,2301,17880.0,,,33486483.0
2026-07-13,2302,4640.0,,,6008739.0
2026-07-13,2303,233308.0,,,68418819.0
2026-07-13,2305,8086.0,,,2536540.0
2026-07-13,2308,7871.0,,,9299583.0
2026-07-13,2312,52179.0,,,23960949.0
2026-07-13,2313,45898.0,,,64090809.0
2026-07-13,2316,4392.0,,,3747341.0
2026-07-13,2317,57028.0,,,37504587.0
2026-07-13,2323,29106.0,,,7775092.0
2026-07-13,2324,61050.0,,,64219539.0
2026-07-13,2327,46020.0,,,72043684.0
2026-07-13,2328,19615.0,,,2752615.0
2026-07-13,2329,18023.0,,,5634602.0
2026-07-13,2330,33061.0,,,35310380.0
2026-07-13,2331,10269.0,,,1725722.0
2026-07-13,2332,22991.0,,,131450187.0
2026-07-13,2337,96971.0,,,51524844.0
2026-07-13,2338,6567.0,,,2048633.0
2026-07-13,2340,9375.0,,,8284627.0
2026-07-13,2342,6405.0,,,8804855.0
2026-07-13,2344,138692.0,,,149251061.0
2026-07-13,2345,1821.0,,,2111638.0
2026-07-13,2347,1069.0,,,23067205.0
2026-07-13,2348,2301.0,,,595540.0
2026-07-13,2351,20920.0,,,8160783.0
2026-07-13,2352,16906.0,,,17112057.0
2026-07-13,2353,43196.0,,,27816944.0
2026-07-13,2354,26188.0,,,3489999.0
2026-07-13,2355,13426.0,,,7105005.0
2026-07-13,2356,33753.0,,,64016763.0
2026-07-13,2357,2523.0,,,6768399.0
2026-07-13,2359,6184.0,,,17555326.0
2026-07-13,2360,1158.0,,,3247598.0
2026-07-13,2362,2468.0,,,1345177.0
2026-07-13,2363,20791.0,,,10939349.0
2026-07-13,2364,744.0,,,224544.0
2026-07-13,2365,9702.0,,,4860196.0
2026-07-13,2367,34827.0,,,14693380.0
2026-07-13,2368,5426.0,,,4210045.0
2026-07-13,2369,16424.0,,,27627284.0
2026-07-13,2371,52875.0,,,11579904.0
2026-07-13,2373,47.0,,,23645.0
2026-07-13,2374,20759.0,,,6151945.0
2026-07-13,2375,10394.0,,,14010896.0
2026-07-13,2376,7863.0,,,4320187.0
2026-07-13,2377,14317.0,,,29889763.0
2026-07-13,2379,3179.0,,,6513083.0
2026-07-13,2382,12362.0,,,17625716.0
2026-07-13,2383,1924.0,,,1879346.0
2026-07-13,2385,3480.0,,,3723953.0
2026-07-13,2387,1362.0,,,474947.0
2026-07-13,2388,12109.0,,,5805776.0
2026-07-13,2390,2096.0,,,1478292.0
2026-07-13,2392,4755.0,,,1163977.0
2026-07-13,2393,2837.0,,,3482159.0
2026-07-13,2395,1965.0,,,4473042.0
2026-07-13,2397,1665.0,,,381588.0
2026-07-13,2399,11841.0,,,11040426.0
2026-07-13,2401,9019.0,,,11645320.0
2026-07-13,2402,14335.0,,,2736802.0
2026-07-13,2404,2404.0,,,1588919.0
2026-07-13,2405,8158.0,,,2235027.0
2026-07-13,2406,14498.0,,,17797054.0
2026-07-13,2408,81280.0,,,130554777.0
2026-07-13,2409,219350.0,,,492027398.0
2026-07-13,2412,711.0,,,20063542.0
2026-07-13,2413,4867.0,,,2496286.0
2026-07-13,2414,722.0,,,1176243.0
2026-07-13,2415,2379.0,,,1103986.0
2026-07-13,2417,3965.0,,,1284659.0
2026-07-13,2419,6896.0,,,715241.0
2026-07-13,2420,1138.0,,,417717.0
2026-07-13,2421,5516.0,,,1753920.0
2026-07-13,2423,567.0,,,646257.0
2026-07-13,2425,3654.0,,,1889627.0
2026-07-13,2426,18895.0,,,12465134.0
2026-07-13,2427,5549.0,,,5153220.0
2026-07-13,2428,2945.0,,,2864189.0
2026-07-13,2429,2810.0,,,532495.0
2026-07-13,2430,111.0,,,249779.0
2026-07-13,2431,1694.0,,,535321.0
2026-07-13,2432,325.0,,,49001.0
2026-07-13,2433,47.0,,,26303.0
2026-07-13,2434,359.0,,,2225114.0
2026-07-13,2436,7269.0,,,3856284.0
2026-07-13,2439,3907.0,,,1990679.0
2026-07-13,2440,1585.0,,,420460.0
2026-07-13,2441,9865.0,,,13592390.0
2026-07-13,2442,4451.0,,,884360.0
2026-07-13,2449,21689.0,,,19383018.0
2026-07-13,2450,104.0,,,128958.0
2026-07-13,2451,5872.0,,,3320934.0
2026-07-13,2453,2715.0,,,370155.0
2026-07-13,2454,10182.0,,,7033208.0
2026-07-13,2455,10273.0,,,5437400.0
2026-07-13,2457,15443.0,,,1806619.0
2026-07-13,2458,5326.0,,,7926770.0
2026-07-13,2459,111.0,,,147417.0
2026-07-13,2460,311.0,,,1128680.0
2026-07-13,2461,8959.0,,,622403.0
2026-07-13,2462,2526.0,,,363977.0
2026-07-13,2464,14775.0,,,13922325.0
2026-07-13,2465,3108.0,,,10135081.0
2026-07-13,2466,6496.0,,,2206382.0
2026-07-13,2467,2282.0,,,2269356.0
2026-07-13,2468,3600.0,,,624391.0
2026-07-13,2471,1376.0,,,113478.0
2026-07-13,2472,10239.0,,,7766648.0
2026-07-13,2474,12516.0,,,4208741.0
2026-07-13,2476,39881.0,,,2682604.0
2026-07-13,2477,1153.0,,,130199.0
2026-07-13,2478,10059.0,,,7133356.0
2026-07-13,2480,407.0,,,407663.0
2026-07-13,2481,14912.0,,,21398949.0
2026-07-13,2482,1826.0,,,1094975.0
2026-07-13,2483,2587.0,,,2425644.0
2026-07-13,2484,17179.0,,,36599637.0
2026-07-13,2485,16539.0,,,5912332.0
2026-07-13,2486,24403.0,,,7094453.0
2026-07-13,2488,479.0,,,387205.0
2026-07-13,2489,45299.0,,,15069853.0
2026-07-13,2491,2555.0,,,778739.0
2026-07-13,2492,9982.0,,,16911261.0
2026-07-13,2493,14760.0,,,3713230.0
2026-07-13,2495,10022.0,,,15621209.0
2026-07-13,2496,43.0,,,37735.0
2026-07-13,2497,3586.0,,,682466.0
2026-07-13,2498,30610.0,,,6722401.0
2026-07-13,2501,4923.0,,,10751431.0
2026-07-13,2504,4843.0,,,5459939.0
2026-07-13,2505,3338.0,,,199440.0
2026-07-13,2506,1845.0,,,208216.0
2026-07-13,2509,652.0,,,113398.0
2026-07-13,2511,3252.0,,,1231641.0
2026-07-13,2514,18121.0,,,649754.0
2026-07-13,2515,24700.0,,,13007108.0
2026-07-13,2520,3209.0,,,971743.0
2026-07-13,2524,3256.0,,,60168.0
2026-07-13,2527,3690.0,,,3445397.0
2026-07-13,2528,6559.0,,,1016644.0
2026-07-13,2530,6493.0,,,533643.0
2026-07-13,2534,11996.0,,,314956.0
2026-07-13,2535,320.0,,,170116.0
2026-07-13,2536,8047.0,,,1178900.0
2026-07-13,2537,3672.0,,,1393988.0
2026-07-13,2538,2486.0,,,312630.0
2026-07-13,2539,2122.0,,,1363423.0
2026-07-13,2540,2791.0,,,368705.0
2026-07-13,2542,5706.0,,,5065808.0
2026-07-13,2543,11284.0,,,1873125.0
2026-07-13,2545,2788.0,,,353956.0
2026-07-13,2546,59.0,,,77087.0
2026-07-13,2547,10676.0,,,3706697.0
2026-07-13,2548,2300.0,,,1526928.0
2026-07-13,2597,186.0,,,201572.0
2026-07-13,2601,468.0,,,21520299.0
2026-07-13,2603,17045.0,,,8993958.0
2026-07-13,2605,13084.0,,,2765146.0
2026-07-13,2606,3995.0,,,4727723.0
2026-07-13,2607,905.0,,,283085.0
2026-07-13,2608,1397.0,,,348471.0
2026-07-13,2609,35597.0,,,34126647.0
2026-07-13,2610,49626.0,,,43973194.0
2026-07-13,2611,2045.0,,,631487.0
2026-07-13,2612,1875.0,,,433127.0
2026-07-13,2613,2143.0,,,210202.0
2026-07-13,2614,5709.0,,,401344.0
2026-07-13,2615,18313.0,,,5694121.0
2026-07-13,2616,465.0,,,243867.0
2026-07-13,2617,2278.0,,,1054150.0
2026-07-13,2618,31054.0,,,92302029.0
2026-07-13,2630,7012.0,,,14155513.0
2026-07-13,2633,1810.0,,,14795672.0
2026-07-13,2634,22132.0,,,64428045.0
2026-07-13,2636,586.0,,,842525.0
2026-07-13,2637,2366.0,,,6524259.0
2026-07-13,2642,585.0,,,40026.0
2026-07-13,2645,3786.0,,,9451820.0
2026-07-13,2646,4492.0,,,3747627.0
2026-07-13,2701,368.0,,,79253.0
2026-07-13,2702,418.0,,,53702.0
2026-07-13,2704,130.0,,,79074.0
2026-07-13,2705,585.0,,,119617.0
2026-07-13,2706,835.0,,,155564.0
2026-07-13,2707,119.0,,,127534.0
2026-07-13,2712,7.0,,,5003.0
2026-07-13,2722,445.0,,,67627.0
2026-07-13,2723,1765.0,,,412508.0
2026-07-13,2727,357.0,,,641523.0
2026-07-13,2731,1112.0,,,572575.0
2026-07-13,2739,841.0,,,162635.0
2026-07-13,2748,679.0,,,74291.0
2026-07-13,2753,571.0,,,232601.0
2026-07-13,2762,145.0,,,134846.0
2026-07-13,2801,8520.0,,,22219932.0
2026-07-13,2812,4714.0,,,8851324.0
2026-07-13,2816,718.0,,,315307.0
2026-07-13,2820,571.0,,,4646479.0
2026-07-13,2832,516.0,,,181616.0
2026-07-13,2834,6388.0,,,46406276.0
2026-07-13,2836,5974.0,,,8103125.0
2026-07-13,2838,2111.0,,,3999683.0
2026-07-13,2845,4551.0,,,10309292.0
2026-07-13,2849,156.0,,,278443.0
2026-07-13,2850,249.0,,,150251.0
2026-07-13,2851,776.0,,,1457591.0
2026-07-13,2852,1304.0,,,432296.0
2026-07-13,2855,6953.0,,,5028602.0
2026-07-13,2867,2923.0,,,9959503.0
2026-07-13,2880,611.0,,,15365069.0
2026-07-13,2881,7479.0,,,24403302.0
2026-07-13,2882,7033.0,,,20949390.0
2026-07-13,2883,16162.0,,,36468752.0
2026-07-13,2884,5213.0,,,32021145.0
2026-07-13,2885,2953.0,,,19474705.0
2026-07-13,2886,539.0,,,26920661.0
2026-07-13,2887,41631.0,,,86952795.0
2026-07-13,2889,2377.0,,,11883776.0
2026-07-13,2890,1723.0,,,31611423.0
2026-07-13,2891,4468.0,,,108347523.0
2026-07-13,2892,4899.0,,,19179499.0
2026-07-13,2897,2029.0,,,3729055.0
2026-07-13,2901,485.0,,,8375.0
2026-07-13,2903,1505.0,,,1590107.0
2026-07-13,2904,33.0,,,15190.0
2026-07-13,2905,8458.0,,,678109.0
2026-07-13,2906,696.0,,,351926.0
2026-07-13,2908,14415.0,,,190633.0
2026-07-13,2910,2.0,,,230001.0
2026-07-13,2911,236.0,,,342142.0
2026-07-13,2912,490.0,,,2352106.0
2026-07-13,2913,8062.0,,,9096538.0
2026-07-13,2915,8859.0,,,3559869.0
2026-07-13,2929,1911.0,,,118352.0
2026-07-13,2939,243.0,,,15002.0
2026-07-13,3002,2048.0,,,424786.0
2026-07-13,3003,3550.0,,,937847.0
2026-07-13,3004,2414.0,,,1768473.0
2026-07-13,3005,5235.0,,,10075428.0
2026-07-13,3006,21688.0,,,20108316.0
2026-07-13,3008,1906.0,,,904164.0
2026-07-13,3010,1313.0,,,864058.0
2026-07-13,3011,2927.0,,,947022.0
2026-07-13,3013,11968.0,,,2212338.0
2026-07-13,3014,2557.0,,,2496520.0
2026-07-13,3015,2676.0,,,1251593.0
2026-07-13,3016,9707.0,,,20361863.0
2026-07-13,3017,4465.0,,,2704759.0
2026-07-13,3019,12197.0,,,6350603.0
2026-07-13,3021,656.0,,,536638.0
2026-07-13,3022,6211.0,,,2010384.0
2026-07-13,3023,1079.0,,,1294551.0
2026-07-13,3024,6214.0,,,2279761.0
2026-07-13,3025,1902.0,,,610416.0
2026-07-13,3026,10404.0,,,13719015.0
2026-07-13,3027,4870.0,,,326270.0
2026-07-13,3028,3784.0,,,2792980.0
2026-07-13,3029,3360.0,,,835191.0
2026-07-13,3030,12099.0,,,1937627.0
2026-07-13,3031,7488.0,,,1942797.0
2026-07-13,3032,8275.0,,,564692.0
2026-07-13,3033,10356.0,,,25713816.0
2026-07-13,3034,2786.0,,,13046938.0
2026-07-13,3035,12212.0,,,5197217.0
2026-07-13,3036,14698.0,,,8848448.0
2026-07-13,3037,41553.0,,,33722307.0
2026-07-13,3038,1237.0,,,247173.0
2026-07-13,3040,12175.0,,,148184.0
2026-07-13,3041,3597.0,,,1378205.0
2026-07-13,3042,17599.0,,,12544973.0
2026-07-13,3043,1102.0,,,242834.0
2026-07-13,3044,6178.0,,,3231388.0
2026-07-13,3045,364.0,,,19694998.0
2026-07-13,3046,973.0,,,569960.0
2026-07-13,3047,6880.0,,,1365328.0
2026-07-13,3048,7644.0,,,3203977.0
2026-07-13,3050,3303.0,,,880113.0
2026-07-13,3051,4379.0,,,1211250.0
2026-07-13,3052,1864.0,,,234425.0
2026-07-13,3054,1075.0,,,62484.0
2026-07-13,3055,7115.0,,,1127856.0
2026-07-13,3056,5138.0,,,516447.0
2026-07-13,3059,13185.0,,,3454700.0
2026-07-13,3060,9698.0,,,6529324.0
2026-07-13,3062,12842.0,,,2728486.0
2026-07-13,3090,4529.0,,,7174422.0
2026-07-13,3092,3794.0,,,1361846.0
2026-07-13,3094,3165.0,,,2704622.0
2026-07-13,3130,10.0,,,188274.0
2026-07-13,3135,2347.0,,,1463366.0
2026-07-13,3138,2848.0,,,304749.0
2026-07-13,3149,22271.0,,,15950647.0
2026-07-13,3150,255.0,,,110004.0
2026-07-13,3164,288.0,,,37952.0
2026-07-13,3167,11433.0,,,3797081.0
2026-07-13,3168,40.0,,,34300.0
2026-07-13,3189,18587.0,,,3480697.0
2026-07-13,3209,6057.0,,,2470430.0
2026-07-13,3231,48921.0,,,27031128.0
2026-07-13,3257,3218.0,,,767962.0
2026-07-13,3266,385.0,,,40647.0
2026-07-13,3296,1862.0,,,202293.0
2026-07-13,3305,8534.0,,,2350121.0
2026-07-13,3308,689.0,,,83989.0
2026-07-13,3311,2471.0,,,328740.0
2026-07-13,3312,6063.0,,,1055373.0
2026-07-13,3338,3960.0,,,619840.0
2026-07-13,3346,3010.0,,,2714631.0
2026-07-13,3356,1877.0,,,454371.0
2026-07-13,3376,12885.0,,,1708590.0
2026-07-13,3380,5406.0,,,1622084.0
2026-07-13,3406,2928.0,,,2579835.0
2026-07-13,3413,4840.0,,,2098790.0
2026-07-13,3416,1410.0,,,474011.0
2026-07-13,3419,1095.0,,,517696.0
2026-07-13,3437,3530.0,,,793422.0
2026-07-13,3443,4443.0,,,1703309.0
2026-07-13,3447,2673.0,,,253415.0
2026-07-13,3450,19158.0,,,1357739.0
2026-07-13,3481,447175.0,,,404195419.0
2026-07-13,3501,1194.0,,,214964.0
2026-07-13,3504,2757.0,,,3614190.0
2026-07-13,3515,1710.0,,,266241.0
2026-07-13,3518,4427.0,,,708112.0
2026-07-13,3528,2430.0,,,728436.0
2026-07-13,3530,1305.0,,,278057.0
2026-07-13,3532,10538.0,,,1362260.0
2026-07-13,3533,617.0,,,1300269.0
2026-07-13,3535,6993.0,,,1646339.0
2026-07-13,3543,5427.0,,,2288817.0
2026-07-13,3545,4473.0,,,1842249.0
2026-07-13,3550,14869.0,,,3402594.0
2026-07-13,3557,414.0,,,109173.0
2026-07-13,3563,5819.0,,,746006.0
2026-07-13,3583,2170.0,,,1054901.0
2026-07-13,3588,1819.0,,,545247.0
2026-07-13,3591,26511.0,,,1503245.0
2026-07-13,3592,944.0,,,1160055.0
2026-07-13,3596,1563.0,,,805130.0
2026-07-13,3605,10078.0,,,9829156.0
2026-07-13,3607,2028.0,,,360379.0
2026-07-13,3617,2568.0,,,1564513.0
2026-07-13,3622,2065.0,,,171618.0
2026-07-13,3645,7223.0,,,2384350.0
2026-07-13,3652,538.0,,,220037.0
2026-07-13,3653,2474.0,,,803353.0
2026-07-13,3661,6147.0,,,1516848.0
2026-07-13,3665,3426.0,,,1503926.0
2026-07-13,3669,898.0,,,76696.0
2026-07-13,3673,18946.0,,,8662321.0
2026-07-13,3679,113.0,,,41637.0
2026-07-13,3694,7811.0,,,5465902.0
2026-07-13,3701,7844.0,,,834363.0
2026-07-13,3702,6636.0,,,11343796.0
2026-07-13,3703,1405.0,,,738626.0
2026-07-13,3704,6389.0,,,16834669.0
2026-07-13,3705,421.0,,,99476.0
2026-07-13,3706,33574.0,,,23698394.0
2026-07-13,3708,3566.0,,,561370.0
2026-07-13,3711,10808.0,,,27795403.0
2026-07-13,3712,2961.0,,,1259665.0
2026-07-13,3714,30956.0,,,7774324.0
2026-07-13,3715,27023.0,,,7377863.0
2026-07-13,3716,517.0,,,146980.0
2026-07-13,3717,10405.0,,,4250734.0
2026-07-13,4104,71.0,,,320094.0
2026-07-13,4106,756.0,,,1228385.0
2026-07-13,4119,635.0,,,114013.0
2026-07-13,4133,1038.0,,,121078.0
2026-07-13,4137,1111.0,,,221494.0
2026-07-13,4142,6609.0,,,2324953.0
2026-07-13,4148,426.0,,,38203.0
2026-07-13,4155,612.0,,,513609.0
2026-07-13,4164,7052.0,,,461359.0
2026-07-13,4190,312.0,,,46388.0
2026-07-13,4306,4628.0,,,1801512.0
2026-07-13,4414,741.0,,,289588.0
2026-07-13,4426,908.0,,,253141.0
2026-07-13,4438,981.0,,,53928.0
2026-07-13,4439,255.0,,,105494.0
2026-07-13,4440,131.0,,,210395.0
2026-07-13,4441,151.0,,,71228.0
2026-07-13,4526,7232.0,,,3146572.0
2026-07-13,4532,3040.0,,,1879537.0
2026-07-13,4536,786.0,,,394903.0
2026-07-13,4540,5574.0,,,1742189.0
2026-07-13,4545,1282.0,,,243908.0
2026-07-13,4551,4162.0,,,2291267.0
2026-07-13,4552,2094.0,,,105397.0
2026-07-13,4555,3090.0,,,214951.0
2026-07-13,4557,339.0,,,51246.0
2026-07-13,4560,262.0,,,224815.0
2026-07-13,4562,2131.0,,,543092.0
2026-07-13,4564,11477.0,,,11759182.0
2026-07-13,4566,4019.0,,,885720.0
2026-07-13,4569,772.0,,,135819.0
2026-07-13,4571,1211.0,,,189766.0
2026-07-13,4572,317.0,,,71654.0
2026-07-13,4576,2904.0,,,1805319.0
2026-07-13,4581,28.0,,,35228.0
2026-07-13,4583,3624.0,,,36953.0
2026-07-13,4585,631.0,,,495026.0
2026-07-13,4588,432.0,,,150509.0
2026-07-13,4720,4089.0,,,1086923.0
2026-07-13,4722,13227.0,,,882617.0
2026-07-13,4736,233.0,,,122355.0
2026-07-13,4737,1307.0,,,268949.0
2026-07-13,4739,11625.0,,,3707946.0
2026-07-13,4746,2170.0,,,537805.0
2026-07-13,4755,1558.0,,,889309.0
2026-07-13,4763,42614.0,,,5785188.0
2026-07-13,4764,8106.0,,,2732785.0
2026-07-13,4766,1361.0,,,277458.0
2026-07-13,4770,1006.0,,,270834.0
2026-07-13,4771,513.0,,,242676.0
2026-07-13,4807,1450.0,,,508338.0
2026-07-13,4904,589.0,,,19562265.0
2026-07-13,4906,32231.0,,,6497989.0
2026-07-13,4912,3856.0,,,257902.0
2026-07-13,4915,4102.0,,,2636011.0
2026-07-13,4916,8027.0,,,21558219.0
2026-07-13,4919,18409.0,,,7612067.0
2026-07-13,4927,31356.0,,,2953279.0
2026-07-13,4930,3716.0,,,39696.0
2026-07-13,4935,672.0,,,95698.0
2026-07-13,4938,6494.0,,,7876770.0
2026-07-13,4942,614.0,,,119623.0
2026-07-13,4949,3186.0,,,2796852.0
2026-07-13,4952,1540.0,,,1078918.0
2026-07-13,4956,7293.0,,,1798254.0
2026-07-13,4958,32019.0,,,72309919.0
2026-07-13,4960,17703.0,,,3660900.0
2026-07-13,4961,1574.0,,,1324174.0
2026-07-13,4967,8666.0,,,2255149.0
2026-07-13,4968,5988.0,,,417261.0
2026-07-13,4976,4971.0,,,2349886.0
2026-07-13,4977,7716.0,,,1448051.0
2026-07-13,4989,21167.0,,,13411924.0
2026-07-13,4994,2255.0,,,14002.0
2026-07-13,4999,405.0,,,40593.0
2026-07-13,5007,9.0,,,22851.0
2026-07-13,5203,1281.0,,,148336.0
2026-07-13,5215,779.0,,,88417.0
2026-07-13,5222,2071.0,,,529279.0
2026-07-13,5225,1561.0,,,173165.0
2026-07-13,5234,1543.0,,,544140.0
2026-07-13,5243,11398.0,,,1952807.0
2026-07-13,5244,2877.0,,,125755.0
2026-07-13,5258,4193.0,,,1033550.0
2026-07-13,5269,2211.0,,,997120.0
2026-07-13,5283,123.0,,,52359.0
2026-07-13,5284,4006.0,,,714695.0
2026-07-13,5285,6167.0,,,2062596.0
2026-07-13,5288,2355.0,,,97274.0
2026-07-13,5292,1035.0,,,516709.0
2026-07-13,5306,466.0,,,275564.0
2026-07-13,5388,5879.0,,,3975298.0
2026-07-13,5434,861.0,,,3038091.0
2026-07-13,5469,14969.0,,,1823774.0
2026-07-13,5471,5398.0,,,10565999.0
2026-07-13,5515,1756.0,,,528947.0
2026-07-13,5519,900.0,,,1328143.0
2026-07-13,5521,15306.0,,,4222762.0
2026-07-13,5522,1057.0,,,738243.0
2026-07-13,5525,391.0,,,140676.0
2026-07-13,5531,3263.0,,,332560.0
2026-07-13,5533,508.0,,,204987.0
2026-07-13,5534,4211.0,,,379190.0
2026-07-13,5538,12.0,,,28059.0
2026-07-13,5546,26.0,,,41345.0
2026-07-13,5607,1435.0,,,381669.0
2026-07-13,5608,4677.0,,,701041.0
2026-07-13,5706,788.0,,,132741.0
2026-07-13,5871,4720.0,,,9489413.0
2026-07-13,5876,1368.0,,,25943112.0
2026-07-13,5880,2865.0,,,19660420.0
2026-07-13,5906,26.0,,,2169.0
2026-07-13,5907,5492.0,,,214670.0
2026-07-13,6005,5510.0,,,11541213.0
2026-07-13,6024,139.0,,,477198.0
2026-07-13,6108,1539.0,,,988889.0
2026-07-13,6112,3373.0,,,399296.0
2026-07-13,6115,93.0,,,336442.0
2026-07-13,6116,42247.0,,,44957729.0
2026-07-13,6117,2615.0,,,591825.0
2026-07-13,6120,7228.0,,,3737630.0
2026-07-13,6128,1177.0,,,93276.0
2026-07-13,6133,3436.0,,,1414957.0
2026-07-13,6136,2746.0,,,182840.0
2026-07-13,6139,7136.0,,,2806447.0
2026-07-13,6141,46.0,,,1802373.0
2026-07-13,6153,14273.0,,,6236616.0
2026-07-13,6155,3905.0,,,2809944.0
2026-07-13,6164,4277.0,,,2130776.0
2026-07-13,6165,8562.0,,,773346.0
2026-07-13,6166,3999.0,,,1363465.0
2026-07-13,6168,5536.0,,,2453112.0
2026-07-13,6176,7059.0,,,3970962.0
2026-07-13,6177,3080.0,,,1401766.0
2026-07-13,6183,9.0,,,51871.0
2026-07-13,6184,528.0,,,63310.0
2026-07-13,6189,2553.0,,,689392.0
2026-07-13,6191,23260.0,,,5674955.0
2026-07-13,6192,874.0,,,210855.0
2026-07-13,6196,1629.0,,,1838561.0
2026-07-13,6197,5229.0,,,4809830.0
2026-07-13,6201,29.0,,,20250.0
2026-07-13,6202,7340.0,,,15972363.0
2026-07-13,6205,5437.0,,,826735.0
2026-07-13,6206,1918.0,,,1687593.0
2026-07-13,6209,15013.0,,,9630421.0
2026-07-13,6213,17517.0,,,28776375.0
2026-07-13,6214,1762.0,,,1857281.0
2026-07-13,6215,5922.0,,,2026650.0
2026-07-13,6216,723.0,,,237609.0
2026-07-13,6224,2447.0,,,1753751.0
2026-07-13,6226,2344.0,,,4089435.0
2026-07-13,6230,467.0,,,80415.0
2026-07-13,6235,5364.0,,,639803.0
2026-07-13,6239,26914.0,,,14834355.0
2026-07-13,6243,1459.0,,,465847.0
2026-07-13,6257,9334.0,,,7161310.0
2026-07-13,6269,10733.0,,,2960876.0
2026-07-13,6271,10062.0,,,10006860.0
2026-07-13,6272,3.0,,,335436.0
2026-07-13,6277,194.0,,,640846.0
2026-07-13,6278,12028.0,,,10000669.0
2026-07-13,6281,63.0,,,101555.0
2026-07-13,6282,31995.0,,,35781394.0
2026-07-13,6283,2577.0,,,244311.0
2026-07-13,6285,16572.0,,,15146700.0
2026-07-13,6405,7162.0,,,1758061.0
2026-07-13,6409,1140.0,,,1304505.0
2026-07-13,6412,3451.0,,,1967330.0
2026-07-13,6414,1368.0,,,1800091.0
2026-07-13,6415,5677.0,,,3842106.0
2026-07-13,6416,3470.0,,,1650833.0
2026-07-13,6426,2659.0,,,290031.0
2026-07-13,6438,4180.0,,,361749.0
2026-07-13,6442,4928.0,,,2383157.0
2026-07-13,6443,15471.0,,,6356988.0
2026-07-13,6446,8690.0,,,3373173.0
2026-07-13,6449,3151.0,,,2649400.0
2026-07-13,6451,9533.0,,,3635748.0
2026-07-13,6456,12342.0,,,5154934.0
2026-07-13,6464,2.0,,,166404.0
2026-07-13,6472,3729.0,,,612635.0
2026-07-13,6477,3321.0,,,16101177.0
2026-07-13,6491,910.0,,,611546.0
2026-07-13,6504,127.0,,,35254.0
2026-07-13,6505,8741.0,,,33452848.0
2026-07-13,6515,434.0,,,325580.0
2026-07-13,6525,5492.0,,,6380726.0
2026-07-13,6526,1550.0,,,1039458.0
2026-07-13,6531,9237.0,,,2260805.0
2026-07-13,6533,2327.0,,,617268.0
2026-07-13,6534,1845.0,,,125910.0
2026-07-13,6541,3851.0,,,411782.0
2026-07-13,6552,1152.0,,,227498.0
2026-07-13,6558,3801.0,,,302615.0
2026-07-13,6579,1887.0,,,860557.0
2026-07-13,6581,7.0,,,8079.0
2026-07-13,6582,364.0,,,71528.0
2026-07-13,6585,2594.0,,,236547.0
2026-07-13,6589,3162.0,,,1494720.0
2026-07-13,6591,2423.0,,,371836.0
2026-07-13,6592,712.0,,,1406080.0
2026-07-13,6605,2443.0,,,394310.0
2026-07-13,6606,514.0,,,243152.0
2026-07-13,6614,54.0,,,110148.0
2026-07-13,6625,973.0,,,282402.0
2026-07-13,6641,127.0,,,99309.0
2026-07-13,6645,12.0,,,25021.0
2026-07-13,6655,1.0,,,13640.0
2026-07-13,6657,1442.0,,,84663.0
2026-07-13,6658,1761.0,,,690032.0
2026-07-13,6666,339.0,,,17058.0
2026-07-13,6668,3029.0,,,694517.0
2026-07-13,6669,2042.0,,,1106711.0
2026-07-13,6670,438.0,,,175468.0
2026-07-13,6671,53.0,,,5000.0
2026-07-13,6672,5691.0,,,3858200.0
2026-07-13,6674,283.0,,,53000.0
2026-07-13,6689,1437.0,,,170705.0
2026-07-13,6691,1604.0,,,513131.0
2026-07-13,6695,3612.0,,,713116.0
2026-07-13,6698,2398.0,,,395450.0
2026-07-13,6706,10056.0,,,2103810.0
2026-07-13,6715,5935.0,,,696392.0
2026-07-13,6719,5307.0,,,3298235.0
2026-07-13,6742,3051.0,,,1400233.0
2026-07-13,6743,627.0,,,302422.0
2026-07-13,6753,5772.0,,,6958720.0
2026-07-13,6754,131.0,,,32000.0
2026-07-13,6756,756.0,,,171856.0
2026-07-13,6757,3694.0,,,1126834.0
2026-07-13,6768,1306.0,,,232830.0
2026-07-13,6770,171179.0,,,117782988.0
2026-07-13,6771,80.0,,,23010.0
2026-07-13,6776,1016.0,,,186808.0
2026-07-13,6781,3025.0,,,652214.0
2026-07-13,6782,544.0,,,349357.0
2026-07-13,6789,7309.0,,,4271267.0
2026-07-13,6790,605.0,,,443785.0
2026-07-13,6792,301.0,,,106926.0
2026-07-13,6794,272.0,,,63464.0
2026-07-13,6796,525.0,,,38710.0
2026-07-13,6799,2224.0,,,609691.0
2026-07-13,6805,2623.0,,,768579.0
2026-07-13,6807,138.0,,,8000.0
2026-07-13,6830,4147.0,,,1236296.0
2026-07-13,6834,4427.0,,,13160591.0
2026-07-13,6835,847.0,,,230309.0
2026-07-13,6838,2638.0,,,118424.0
2026-07-13,6854,3577.0,,,698641.0
2026-07-13,6861,2907.0,,,1009014.0
2026-07-13,6862,1572.0,,,531970.0
2026-07-13,6863,957.0,,,120470.0
2026-07-13,6869,3405.0,,,460610.0
2026-07-13,6873,3971.0,,,787131.0
2026-07-13,6885,2415.0,,,253903.0
2026-07-13,6887,1120.0,,,22506.0
2026-07-13,6890,869.0,,,1038997.0
2026-07-13,6901,5686.0,,,9787884.0
2026-07-13,6902,602.0,,,125591.0
2026-07-13,6906,543.0,,,156217.0
2026-07-13,6909,1738.0,,,621650.0
2026-07-13,6914,339.0,,,91047.0
2026-07-13,6916,408.0,,,75134.0
2026-07-13,6918,98.0,,,24111.0
2026-07-13,6923,1955.0,,,197136.0
2026-07-13,6928,867.0,,,270807.0
2026-07-13,6931,143.0,,,34907.0
2026-07-13,6933,722.0,,,333359.0
2026-07-13,6936,242.0,,,66702.0
2026-07-13,6937,1888.0,,,337513.0
2026-07-13,6944,688.0,,,731671.0
2026-07-13,6949,5231.0,,,266304.0
2026-07-13,6951,79.0,,,109163.0
2026-07-13,6952,42.0,,,17213.0
2026-07-13,6957,1255.0,,,135815.0
2026-07-13,6958,173.0,,,57404.0
2026-07-13,6962,8969.0,,,3543010.0
2026-07-13,6965,39.0,,,14565.0
2026-07-13,6994,3209.0,,,803257.0
2026-07-13,7705,96.0,,,50133.0
2026-07-13,7711,588.0,,,224730.0
2026-07-13,7721,1285.0,,,227264.0
2026-07-13,7722,832.0,,,190700.0
2026-07-13,7730,591.0,,,153792.0
2026-07-13,7732,102.0,,,15030.0
2026-07-13,7736,53.0,,,28000.0
2026-07-13,7740,1789.0,,,283965.0
2026-07-13,7749,1227.0,,,210661.0
2026-07-13,7750,643.0,,,257248.0
2026-07-13,7765,480.0,,,38927.0
2026-07-13,7769,306.0,,,802604.0
2026-07-13,7780,16.0,,,1268578.0
2026-07-13,7786,319.0,,,291293.0
2026-07-13,7788,2500.0,,,2252773.0
2026-07-13,7791,15.0,,,103902.0
2026-07-13,7799,1078.0,,,1332154.0
2026-07-13,8011,3691.0,,,1364377.0
2026-07-13,8016,1977.0,,,3354086.0
2026-07-13,8021,11750.0,,,687875.0
2026-07-13,8028,6338.0,,,5128197.0
2026-07-13,8033,8701.0,,,6454071.0
2026-07-13,8039,13841.0,,,8932894.0
2026-07-13,8045,4796.0,,,129746.0
2026-07-13,8046,9573.0,,,25734524.0
2026-07-13,8070,8090.0,,,3930932.0
2026-07-13,8072,1946.0,,,229900.0
2026-07-13,8081,1542.0,,,1469847.0
2026-07-13,8103,4454.0,,,853316.0
2026-07-13,8104,4817.0,,,2428817.0
2026-07-13,8105,9500.0,,,8754847.0
2026-07-13,8110,19211.0,,,5428049.0
2026-07-13,8112,19668.0,,,15198595.0
2026-07-13,8114,2177.0,,,497115.0
2026-07-13,8131,6494.0,,,9395404.0
2026-07-13,8150,32356.0,,,106971602.0
2026-07-13,8162,2410.0,,,611245.0
2026-07-13,8163,2725.0,,,1717935.0
2026-07-13,8210,2347.0,,,1119300.0
2026-07-13,8213,4076.0,,,466887.0
2026-07-13,8215,3577.0,,,1436893.0
2026-07-13,8222,3487.0,,,2906469.0
2026-07-13,8249,4336.0,,,252819.0
2026-07-13,8261,12110.0,,,5130684.0
2026-07-13,8271,5324.0,,,1923999.0
2026-07-13,8341,360.0,,,273060.0
2026-07-13,8367,12.0,,,21053.0
2026-07-13,8374,1894.0,,,675409.0
2026-07-13,8404,3977.0,,,484475.0
2026-07-13,8411,24.0,,,79951.0
2026-07-13,8422,30004.0,,,11249130.0
2026-07-13,8429,13549.0,,,160609.0
2026-07-13,8438,6482.0,,,304693.0
2026-07-13,8442,850.0,,,146774.0
2026-07-13,8443,28.0,,,31044.0
2026-07-13,8454,1492.0,,,949384.0
2026-07-13,8462,1142.0,,,340214.0
2026-07-13,8463,126.0,,,66000.0
2026-07-13,8464,70.0,,,825090.0
2026-07-13,8466,1378.0,,,47446.0
2026-07-13,8467,264.0,,,9134.0
2026-07-13,8473,2602.0,,,612000.0
2026-07-13,8476,17808.0,,,2653395.0
2026-07-13,8478,1237.0,,,188577.0
2026-07-13,8481,4.0,,,18299.0
2026-07-13,8482,161.0,,,7086.0
2026-07-13,8487,62.0,,,90540.0
2026-07-13,8488,21.0,,,245000.0
2026-07-13,8499,586.0,,,43621.0
2026-07-13,8926,9377.0,,,16051291.0
2026-07-13,8940,123.0,,,28725.0
2026-07-13,8996,4391.0,,,1677436.0
2026-07-13,9103,3149.0,,,1070678.0
2026-07-13,9105,54170.0,,,38804975.0
2026-07-13,912000,17096.0,,,325681.0
2026-07-13,9136,13709.0,,,399038.0
2026-07-13,9802,2639.0,,,557895.0
2026-07-13,9902,3442.0,,,155448.0
2026-07-13,9904,22515.0,,,16432246.0
2026-07-13,9905,24.0,,,341493.0
2026-07-13,9906,449.0,,,72732.0
2026-07-13,9907,4115.0,,,4161357.0
2026-07-13,9908,164.0,,,222030.0
2026-07-13,9910,2594.0,,,1228571.0
2026-07-13,9911,343.0,,,286651.0
2026-07-13,9914,3507.0,,,1418740.0
2026-07-13,9917,154.0,,,547079.0
2026-07-13,9918,73.0,,,25065.0
2026-07-13,9919,7856.0,,,145802.0
2026-07-13,9921,1968.0,,,3747806.0
2026-07-13,9924,727.0,,,101520.0
2026-07-13,9925,3.0,,,513966.0
2026-07-13,9926,9.0,,,18040.0
2026-07-13,9927,58.0,,,121885.0
2026-07-13,9928,453.0,,,44004.0
2026-07-13,9930,24.0,,,244039.0
2026-07-13,9931,75.0,,,126052.0
2026-07-13,9933,4248.0,,,1669296.0
2026-07-13,9934,5776.0,,,4366144.0
2026-07-13,9935,1233.0,,,395266.0
2026-07-13,9937,174.0,,,47011.0
2026-07-13,9938,3570.0,,,1717013.0
2026-07-13,9939,1038.0,,,2634227.0
2026-07-13,9940,1254.0,,,291540.0
2026-07-13,9941,1114.0,,,988666.0
2026-07-13,9942,53.0,,,174850.0
2026-07-13,9943,112.0,,,89036.0
2026-07-13,9944,5504.0,,,61553.0
2026-07-13,9945,22359.0,,,5728891.0
2026-07-13,9946,1157.0,,,927998.0
2026-07-13,9955,1404.0,,,379995.0
2026-07-13,9958,9497.0,,,1294014.0
